{"loss": [1.2219470739364624, 0.41705355048179626, 0.25430455803871155], "accuracy": [0.637883186340332, 0.8689807057380676, 0.9184294939041138], "val_loss": [0.499156653881073, 0.3452390432357788, 0.23693867027759552], "val_accuracy": [0.8442408442497253, 0.8890849351882935, 0.9239699244499207]}